,Brewery,Link Result
0,4th Tap Brewing Cooperative,www.4thtap.coop
1,Adelbert’s Brewery,www.adelbertsbeer.com
2,Austin Beerworks,austinbeerworks.com
3,Black Star Co-Op,blackstar.coop
4,Brewtorium,www.thebrewtorium.com
5,Celis Brewing,www.celisbeers.com
6,Circle Brewing,www.circlebrewing.com
7,Draught House,www.draughthouse.com
8,Flying Man Brewing,flyingmanbrewing.com
9,Oskar Blues,www.oskarblues.com
10,Pinthouse Pizza,pinthousepizza.com
11,Bluebonnet Beer Company,bluebonnetbeerco.com
12,Bull Creek Brewing,www.bullcreekbrewing.com
13,Compadre Brewing,compadrebrewing.com
14,Flix Brewhouse,www.flixbrewhouse.com
15,Red Horn Coffee House & Brewing Co.,redhornbrew.com
16,Rentsch Brewery,rentschbrewery.com
17,San Gabriel River Brewery,www.sangabrielriverbrewery.com › ...
18,Whitestone Brewery,www.whitestonebrewery.com
19,(512) Brewing,512brewing.com
20,Austin Beer Garden & Brewery (ABGB),theabgb.com
21,Independence Brewing,independencebrewing.com
22,Orf Brewing,orfbrewing.com
23,Skull Mechanix Brewing,www.skullmechanix.com
24,St Elmo Brewing,www.stelmobrewing.com
25,Thirsty Planet Brewing,thirstyplanet.beer
26,Two Wheel Brewing,www.twowheelbrewing.com
27,Batch Brewhouse,batchatx.com
28,Blue Owl Brewing,blueowlbrewing.com
29,Brewer’s Table,austin.eater.com › brewers-table-closed-beer-restaurant-...
30,Friends & Allies Brewing,en.wikipedia.org › wiki › Friends
31,Hi Sign Brewing,www.hisignbrewing.com
32,Hops and Grain,www.hopsandgrain.com
33,Lazarus Brewing,www.lazarusbrewing.com
34,Live Oak Brewing,liveoakbrewing.com
35,Oddwood Ales,www.oddwoodales.com
36,Southern Heights Brewing,www.southernheightsbrewing.com
37,Zilker Brewing,zilkerbeer.com
38,Acopon Brewing,www.acoponbrewing.com
39,Beerburg Brewing,beerburgbrewing.com
40,Family Business Beer,familybusinessbeerco.com
41,Infamous Brewing Company,infamousbrewing.com
42,Jester King Brewery,jesterkingbrewery.com
43,Last Stand Brewing,www.laststandbrewing.com
44,Oasis Texas Brewing,otxbc.com
45,Suds Monkey Brewing ,sudsmonkeybrew.com
46,Twisted X Brewing,twistedxbrewing.com
47,Vista Brewing,vistabrewingtx.com
48,Hitmaker Brewing Company,www.hitmakerbrewing.com
